num	date	dow	value
1	2024-08-01	木曜日	0.67
2	2024-08-02	金曜日	0.47
3	2024-08-03	土曜日	0.62
4	2024-08-04	日曜日	0.56
5	2024-08-05	月曜日	0.68
6	2024-08-06	火曜日	0.45
7	2024-08-07	水曜日	0.51
8	2024-08-08	木曜日	0.50
9	2024-08-09	金曜日	0.73
10	2024-08-10	土曜日	0.58
11	2024-08-11	日曜日	0.29
12	2024-08-12	月曜日	0.56
13	2024-08-13	火曜日	0.75
14	2024-08-14	水曜日	0.42
15	2024-08-15	木曜日	0.48
16	2024-08-16	金曜日	0.53
17	2024-08-17	土曜日	0.38
18	2024-08-18	日曜日	0.27
19	2024-08-19	月曜日	0.43
20	2024-08-20	火曜日	0.38
21	2024-08-21	水曜日	0.27
22	2024-08-22	木曜日	0.71
23	2024-08-23	金曜日	0.54
24	2024-08-24	土曜日	0.32
25	2024-08-25	日曜日	0.62
26	2024-08-26	月曜日	0.26
27	2024-08-27	火曜日	0.60
28	2024-08-28	水曜日	0.53
29	2024-08-29	木曜日	0.40
30	2024-08-30	金曜日	0.47
31	2024-08-31	土曜日	0.57
32	2024-09-01	日曜日	0.74
33	2024-09-02	月曜日	0.38
34	2024-09-03	火曜日	0.75
35	2024-09-04	水曜日	0.65
36	2024-09-05	木曜日	0.41
37	2024-09-06	金曜日	0.74
38	2024-09-07	土曜日	0.70
39	2024-09-08	日曜日	0.26
40	2024-09-09	月曜日	0.59
41	2024-09-10	火曜日	0.35
42	2024-09-11	水曜日	0.42
43	2024-09-12	木曜日	0.27
44	2024-09-13	金曜日	0.53
45	2024-09-14	土曜日	0.63
46	2024-09-15	日曜日	0.33
47	2024-09-16	月曜日	0.31
48	2024-09-17	火曜日	0.63
49	2024-09-18	水曜日	0.37
50	2024-09-19	木曜日	0.34
51	2024-09-20	金曜日	0.34
52	2024-09-21	土曜日	0.68
53	2024-09-22	日曜日	0.30
54	2024-09-23	月曜日	0.44
55	2024-09-24	火曜日	0.33
56	2024-09-25	水曜日	0.26
57	2024-09-26	木曜日	0.55
58	2024-09-27	金曜日	0.74
59	2024-09-28	土曜日	0.41
60	2024-09-29	日曜日	0.69
61	2024-09-30	月曜日	0.66
62	2024-10-01	火曜日	0.50
63	2024-10-02	水曜日	0.54
64	2024-10-03	木曜日	0.67
65	2024-10-04	金曜日	0.60
66	2024-10-05	土曜日	0.60
67	2024-10-06	日曜日	0.63
68	2024-10-07	月曜日	0.38
69	2024-10-08	火曜日	0.31
70	2024-10-09	水曜日	0.73
71	2024-10-10	木曜日	0.59
72	2024-10-11	金曜日	0.64
73	2024-10-12	土曜日	0.44
74	2024-10-13	日曜日	0.45
75	2024-10-14	月曜日	0.42
76	2024-10-15	火曜日	0.43
77	2024-10-16	水曜日	0.41
78	2024-10-17	木曜日	0.47
79	2024-10-18	金曜日	0.47
80	2024-10-19	土曜日	0.53
81	2024-10-20	日曜日	0.29
82	2024-10-21	月曜日	0.39
83	2024-10-22	火曜日	0.26
84	2024-10-23	水曜日	0.52
85	2024-10-24	木曜日	0.32
86	2024-10-25	金曜日	0.49
87	2024-10-26	土曜日	0.59
88	2024-10-27	日曜日	0.29
89	2024-10-28	月曜日	0.53
90	2024-10-29	火曜日	0.72
91	2024-10-30	水曜日	0.41
92	2024-10-31	木曜日	0.31
93	2024-11-01	金曜日	0.44
94	2024-11-02	土曜日	0.49
95	2024-11-03	日曜日	0.47
96	2024-11-04	月曜日	0.33
97	2024-11-05	火曜日	0.60
98	2024-11-06	水曜日	0.42
99	2024-11-07	木曜日	0.57
100	2024-11-08	金曜日	0.60
101	2024-11-09	土曜日	0.28
102	2024-11-10	日曜日	0.60
103	2024-11-11	月曜日	0.62
104	2024-11-12	火曜日	0.55
105	2024-11-13	水曜日	0.29
106	2024-11-14	木曜日	0.39
107	2024-11-15	金曜日	0.41
108	2024-11-16	土曜日	0.40
109	2024-11-17	日曜日	0.39
110	2024-11-18	月曜日	0.32
111	2024-11-19	火曜日	0.30
112	2024-11-20	水曜日	0.65
113	2024-11-21	木曜日	0.52
114	2024-11-22	金曜日	0.52
115	2024-11-23	土曜日	0.58
116	2024-11-24	日曜日	0.26
117	2024-11-25	月曜日	0.44
118	2024-11-26	火曜日	0.59
119	2024-11-27	水曜日	0.73
120	2024-11-28	木曜日	0.57
121	2024-11-29	金曜日	0.73
122	2024-11-30	土曜日	0.57
123	2024-12-01	日曜日	0.44
124	2024-12-02	月曜日	0.57
125	2024-12-03	火曜日	0.72
126	2024-12-04	水曜日	0.41
127	2024-12-05	木曜日	0.28
128	2024-12-06	金曜日	0.68
129	2024-12-07	土曜日	0.73
130	2024-12-08	日曜日	0.72
131	2024-12-09	月曜日	0.66
132	2024-12-10	火曜日	0.68
133	2024-12-11	水曜日	0.70
134	2024-12-12	木曜日	0.36
135	2024-12-13	金曜日	0.38
136	2024-12-14	土曜日	0.28
137	2024-12-15	日曜日	0.38
138	2024-12-16	月曜日	0.63
139	2024-12-17	火曜日	0.47
140	2024-12-18	水曜日	0.52
141	2024-12-19	木曜日	0.74
142	2024-12-20	金曜日	0.49
143	2024-12-21	土曜日	0.47
144	2024-12-22	日曜日	0.71
145	2024-12-23	月曜日	0.63
146	2024-12-24	火曜日	0.27
147	2024-12-25	水曜日	0.27
148	2024-12-26	木曜日	0.56
149	2024-12-27	金曜日	0.70
150	2024-12-28	土曜日	0.31
151	2024-12-29	日曜日	0.43
152	2024-12-30	月曜日	0.52
153	2024-12-31	火曜日	0.41
154	2025-01-01	水曜日	0.51
155	2025-01-02	木曜日	0.65
156	2025-01-03	金曜日	0.33
157	2025-01-04	土曜日	0.36
158	2025-01-05	日曜日	0.71
159	2025-01-06	月曜日	0.55
160	2025-01-07	火曜日	0.55
161	2025-01-08	水曜日	0.64
162	2025-01-09	木曜日	0.64
163	2025-01-10	金曜日	0.26
164	2025-01-11	土曜日	0.69
165	2025-01-12	日曜日	0.31
166	2025-01-13	月曜日	0.51
167	2025-01-14	火曜日	0.51
168	2025-01-15	水曜日	0.40
169	2025-01-16	木曜日	0.76
170	2025-01-17	金曜日	0.49
171	2025-01-18	土曜日	0.30
172	2025-01-19	日曜日	0.44
173	2025-01-20	月曜日	0.47
174	2025-01-21	火曜日	0.70
175	2025-01-22	水曜日	0.44
176	2025-01-23	木曜日	0.56
177	2025-01-24	金曜日	0.30
178	2025-01-25	土曜日	0.58
179	2025-01-26	日曜日	0.50
180	2025-01-27	月曜日	0.62
181	2025-01-28	火曜日	0.50
182	2025-01-29	水曜日	0.46
183	2025-01-30	木曜日	0.29
184	2025-01-31	金曜日	0.70
185	2025-02-01	土曜日	0.70
186	2025-02-02	日曜日	0.69
187	2025-02-03	月曜日	0.36
188	2025-02-04	火曜日	0.33
189	2025-02-05	水曜日	0.75
190	2025-02-06	木曜日	0.55
191	2025-02-07	金曜日	0.28
192	2025-02-08	土曜日	0.39
193	2025-02-09	日曜日	0.35
194	2025-02-10	月曜日	0.46
195	2025-02-11	火曜日	0.31
196	2025-02-12	水曜日	0.46
197	2025-02-13	木曜日	0.39
198	2025-02-14	金曜日	0.59
199	2025-02-15	土曜日	0.51
200	2025-02-16	日曜日	0.59
201	2025-02-17	月曜日	0.52
202	2025-02-18	火曜日	0.69
203	2025-02-19	水曜日	0.32
204	2025-02-20	木曜日	0.47
205	2025-02-21	金曜日	0.54
206	2025-02-22	土曜日	0.60
207	2025-02-23	日曜日	0.60
208	2025-02-24	月曜日	0.74
209	2025-02-25	火曜日	0.34
210	2025-02-26	水曜日	0.27
211	2025-02-27	木曜日	0.33
212	2025-02-28	金曜日	0.66
213	2025-03-01	土曜日	0.55
214	2025-03-02	日曜日	0.41
215	2025-03-03	月曜日	0.49
216	2025-03-04	火曜日	0.30
217	2025-03-05	水曜日	0.26
218	2025-03-06	木曜日	0.40
219	2025-03-07	金曜日	0.71
220	2025-03-08	土曜日	0.32
221	2025-03-09	日曜日	0.57
222	2025-03-10	月曜日	0.59
223	2025-03-11	火曜日	0.45
224	2025-03-12	水曜日	0.61
225	2025-03-13	木曜日	0.37
226	2025-03-14	金曜日	0.32
227	2025-03-15	土曜日	0.73
228	2025-03-16	日曜日	0.74
229	2025-03-17	月曜日	0.61
230	2025-03-18	火曜日	0.33
231	2025-03-19	水曜日	0.70
232	2025-03-20	木曜日	0.32
233	2025-03-21	金曜日	0.60
234	2025-03-22	土曜日	0.33
235	2025-03-23	日曜日	0.74
236	2025-03-24	月曜日	0.33
237	2025-03-25	火曜日	0.50
238	2025-03-26	水曜日	0.72
239	2025-03-27	木曜日	0.33
240	2025-03-28	金曜日	0.59
241	2025-03-29	土曜日	0.64
242	2025-03-30	日曜日	0.41
243	2025-03-31	月曜日	0.64
244	2025-04-01	火曜日	0.65
245	2025-04-02	水曜日	0.32
246	2025-04-03	木曜日	0.37
247	2025-04-04	金曜日	0.52
248	2025-04-05	土曜日	0.33
249	2025-04-06	日曜日	0.26
250	2025-04-07	月曜日	0.37
251	2025-04-08	火曜日	0.38
252	2025-04-09	水曜日	0.24
253	2025-04-10	木曜日	0.36
254	2025-04-11	金曜日	0.64
255	2025-04-12	土曜日	0.55
256	2025-04-13	日曜日	0.71
257	2025-04-14	月曜日	0.76
258	2025-04-15	火曜日	0.31
259	2025-04-16	水曜日	0.73
260	2025-04-17	木曜日	0.58
261	2025-04-18	金曜日	0.55
262	2025-04-19	土曜日	0.54
263	2025-04-20	日曜日	0.61
264	2025-04-21	月曜日	0.51
265	2025-04-22	火曜日	0.59
266	2025-04-23	水曜日	0.28
267	2025-04-24	木曜日	0.59
268	2025-04-25	金曜日	0.52
269	2025-04-26	土曜日	0.40
270	2025-04-27	日曜日	0.40
271	2025-04-28	月曜日	0.42
272	2025-04-29	火曜日	0.63
273	2025-04-30	水曜日	0.55
274	2025-05-01	木曜日	0.39
275	2025-05-02	金曜日	0.74
276	2025-05-03	土曜日	0.24
277	2025-05-04	日曜日	0.75
278	2025-05-05	月曜日	0.56
279	2025-05-06	火曜日	0.69
280	2025-05-07	水曜日	0.39
281	2025-05-08	木曜日	0.31
282	2025-05-09	金曜日	0.73
283	2025-05-10	土曜日	0.31
284	2025-05-11	日曜日	0.57
285	2025-05-12	月曜日	0.33
286	2025-05-13	火曜日	0.56
287	2025-05-14	水曜日	0.59
288	2025-05-15	木曜日	0.60
289	2025-05-16	金曜日	0.28
290	2025-05-17	土曜日	0.51
291	2025-05-18	日曜日	0.24
292	2025-05-19	月曜日	0.53
293	2025-05-20	火曜日	0.75
294	2025-05-21	水曜日	0.62
295	2025-05-22	木曜日	0.43
296	2025-05-23	金曜日	0.66
297	2025-05-24	土曜日	0.40
298	2025-05-25	日曜日	0.74
299	2025-05-26	月曜日	0.36
300	2025-05-27	火曜日	0.59
301	2025-05-28	水曜日	0.45
302	2025-05-29	木曜日	0.38
303	2025-05-30	金曜日	0.28
304	2025-05-31	土曜日	0.29
305	2025-06-01	日曜日	0.37
306	2025-06-02	月曜日	0.26
307	2025-06-03	火曜日	0.55
308	2025-06-04	水曜日	0.45
309	2025-06-05	木曜日	0.39
310	2025-06-06	金曜日	0.60
311	2025-06-07	土曜日	0.44
312	2025-06-08	日曜日	0.62
313	2025-06-09	月曜日	0.39
314	2025-06-10	火曜日	0.66
315	2025-06-11	水曜日	0.50
316	2025-06-12	木曜日	0.67
317	2025-06-13	金曜日	0.49
318	2025-06-14	土曜日	0.66
319	2025-06-15	日曜日	0.29
320	2025-06-16	月曜日	0.27
321	2025-06-17	火曜日	0.40
322	2025-06-18	水曜日	0.64
323	2025-06-19	木曜日	0.71
324	2025-06-20	金曜日	0.27
325	2025-06-21	土曜日	0.59
326	2025-06-22	日曜日	0.44
327	2025-06-23	月曜日	0.54
328	2025-06-24	火曜日	0.73
329	2025-06-25	水曜日	0.61
330	2025-06-26	木曜日	0.61
331	2025-06-27	金曜日	0.34
332	2025-06-28	土曜日	0.34
333	2025-06-29	日曜日	0.33
334	2025-06-30	月曜日	0.60
335	2025-07-01	火曜日	0.28
336	2025-07-02	水曜日	0.56
337	2025-07-03	木曜日	0.76
338	2025-07-04	金曜日	0.59
339	2025-07-05	土曜日	0.50
340	2025-07-06	日曜日	0.75
341	2025-07-07	月曜日	0.71
342	2025-07-08	火曜日	0.24
343	2025-07-09	水曜日	0.44
344	2025-07-10	木曜日	0.58
345	2025-07-11	金曜日	0.36
346	2025-07-12	土曜日	0.62
347	2025-07-13	日曜日	0.54
348	2025-07-14	月曜日	0.41
349	2025-07-15	火曜日	0.26
350	2025-07-16	水曜日	0.45
351	2025-07-17	木曜日	0.59
352	2025-07-18	金曜日	0.32
353	2025-07-19	土曜日	0.69
354	2025-07-20	日曜日	0.57
355	2025-07-21	月曜日	0.49
356	2025-07-22	火曜日	0.75
357	2025-07-23	水曜日	0.28
358	2025-07-24	木曜日	0.49
359	2025-07-25	金曜日	0.44
360	2025-07-26	土曜日	0.30
361	2025-07-27	日曜日	0.56
362	2025-07-28	月曜日	0.54
363	2025-07-29	火曜日	0.51
364	2025-07-30	水曜日	0.73
365	2025-07-31	木曜日	0.68
366	2025-08-01	金曜日	0.65
367	2025-08-02	土曜日	0.41
368	2025-08-03	日曜日	0.54
369	2025-08-04	月曜日	0.37
370	2025-08-05	火曜日	0.36
371	2025-08-06	水曜日	0.68
372	2025-08-07	木曜日	0.35
373	2025-08-08	金曜日	0.61
374	2025-08-09	土曜日	0.45
375	2025-08-10	日曜日	0.58
376	2025-08-11	月曜日	0.51
377	2025-08-12	火曜日	0.52
378	2025-08-13	水曜日	0.26
379	2025-08-14	木曜日	0.28
380	2025-08-15	金曜日	0.48
381	2025-08-16	土曜日	0.60
382	2025-08-17	日曜日	0.48
383	2025-08-18	月曜日	0.49
384	2025-08-19	火曜日	0.41
385	2025-08-20	水曜日	0.70
386	2025-08-21	木曜日	0.71
387	2025-08-22	金曜日	0.46
388	2025-08-23	土曜日	0.26
389	2025-08-24	日曜日	0.70
390	2025-08-25	月曜日	0.73
391	2025-08-26	火曜日	0.31
392	2025-08-27	水曜日	0.40
393	2025-08-28	木曜日	0.41
394	2025-08-29	金曜日	0.33
395	2025-08-30	土曜日	0.38
396	2025-08-31	日曜日	0.40
397	2025-09-01	月曜日	0.73
398	2025-09-02	火曜日	0.52
399	2025-09-03	水曜日	0.43
400	2025-09-04	木曜日	0.54
401	2025-09-05	金曜日	0.41
402	2025-09-06	土曜日	0.28
403	2025-09-07	日曜日	0.35
404	2025-09-08	月曜日	0.57
405	2025-09-09	火曜日	0.34
406	2025-09-10	水曜日	0.38
407	2025-09-11	木曜日	0.59
408	2025-09-12	金曜日	0.47
409	2025-09-13	土曜日	0.69
410	2025-09-14	日曜日	0.61
411	2025-09-15	月曜日	0.46
412	2025-09-16	火曜日	0.72
413	2025-09-17	水曜日	0.39
414	2025-09-18	木曜日	0.42
415	2025-09-19	金曜日	0.29
416	2025-09-20	土曜日	0.44
417	2025-09-21	日曜日	0.53
418	2025-09-22	月曜日	0.37
419	2025-09-23	火曜日	0.48
420	2025-09-24	水曜日	0.60
421	2025-09-25	木曜日	0.71
422	2025-09-26	金曜日	0.42
423	2025-09-27	土曜日	0.58
424	2025-09-28	日曜日	0.58
425	2025-09-29	月曜日	0.71
426	2025-09-30	火曜日	0.64
427	2025-10-01	水曜日	0.70
428	2025-10-02	木曜日	0.41
429	2025-10-03	金曜日	0.61
430	2025-10-04	土曜日	0.65
431	2025-10-05	日曜日	0.57
432	2025-10-06	月曜日	0.54
433	2025-10-07	火曜日	0.35
434	2025-10-08	水曜日	0.25
435	2025-10-09	木曜日	0.51
436	2025-10-10	金曜日	0.26
437	2025-10-11	土曜日	0.53
438	2025-10-12	日曜日	0.52
439	2025-10-13	月曜日	0.31
440	2025-10-14	火曜日	0.70
441	2025-10-15	水曜日	0.31
442	2025-10-16	木曜日	0.31
443	2025-10-17	金曜日	0.25
444	2025-10-18	土曜日	0.70
445	2025-10-19	日曜日	0.36
446	2025-10-20	月曜日	0.30
447	2025-10-21	火曜日	0.50
448	2025-10-22	水曜日	0.28
449	2025-10-23	木曜日	0.30
450	2025-10-24	金曜日	0.73
451	2025-10-25	土曜日	0.36
452	2025-10-26	日曜日	0.28
453	2025-10-27	月曜日	0.50
454	2025-10-28	火曜日	0.54
455	2025-10-29	水曜日	0.25
456	2025-10-30	木曜日	0.48
457	2025-10-31	金曜日	0.56
458	2025-11-01	土曜日	0.73
459	2025-11-02	日曜日	0.45
460	2025-11-03	月曜日	0.74
461	2025-11-04	火曜日	0.53
462	2025-11-05	水曜日	0.38
463	2025-11-06	木曜日	0.39
464	2025-11-07	金曜日	0.72
465	2025-11-08	土曜日	0.42
466	2025-11-09	日曜日	0.41
467	2025-11-10	月曜日	0.30
468	2025-11-11	火曜日	0.26
469	2025-11-12	水曜日	0.70
470	2025-11-13	木曜日	0.62
471	2025-11-14	金曜日	0.30
472	2025-11-15	土曜日	0.53
473	2025-11-16	日曜日	0.51
474	2025-11-17	月曜日	0.56
475	2025-11-18	火曜日	0.48
476	2025-11-19	水曜日	0.37
477	2025-11-20	木曜日	0.39
478	2025-11-21	金曜日	0.70
479	2025-11-22	土曜日	0.71
480	2025-11-23	日曜日	0.45
481	2025-11-24	月曜日	0.50
482	2025-11-25	火曜日	0.69
483	2025-11-26	水曜日	0.67
484	2025-11-27	木曜日	0.31
485	2025-11-28	金曜日	0.66
486	2025-11-29	土曜日	0.74
487	2025-11-30	日曜日	0.65
488	2025-12-01	月曜日	0.71
489	2025-12-02	火曜日	0.58
490	2025-12-03	水曜日	0.64
491	2025-12-04	木曜日	0.40
492	2025-12-05	金曜日	0.53
493	2025-12-06	土曜日	0.37
494	2025-12-07	日曜日	0.47
495	2025-12-08	月曜日	0.74
496	2025-12-09	火曜日	0.38
497	2025-12-10	水曜日	0.55
498	2025-12-11	木曜日	0.25
499	2025-12-12	金曜日	0.59
500	2025-12-13	土曜日	0.46
501	2025-12-14	日曜日	0.69
502	2025-12-15	月曜日	0.31
503	2025-12-16	火曜日	0.66
504	2025-12-17	水曜日	0.35
505	2025-12-18	木曜日	0.50
506	2025-12-19	金曜日	0.75
507	2025-12-20	土曜日	0.27
508	2025-12-21	日曜日	0.50
509	2025-12-22	月曜日	0.49
510	2025-12-23	火曜日	0.55
511	2025-12-24	水曜日	0.69
512	2025-12-25	木曜日	0.52
513	2025-12-26	金曜日	0.26
514	2025-12-27	土曜日	0.66
515	2025-12-28	日曜日	0.45
516	2025-12-29	月曜日	0.39
517	2025-12-30	火曜日	0.38
518	2025-12-31	水曜日	0.43
519	2026-01-01	木曜日	0.29
520	2026-01-02	金曜日	0.47
521	2026-01-03	土曜日	0.54
522	2026-01-04	日曜日	0.38
523	2026-01-05	月曜日	0.59
524	2026-01-06	火曜日	0.40
525	2026-01-07	水曜日	0.36
526	2026-01-08	木曜日	0.31
527	2026-01-09	金曜日	0.26
528	2026-01-10	土曜日	0.59
529	2026-01-11	日曜日	0.55
530	2026-01-12	月曜日	0.25
531	2026-01-13	火曜日	0.61
532	2026-01-14	水曜日	0.27
533	2026-01-15	木曜日	0.70
534	2026-01-16	金曜日	0.33
535	2026-01-17	土曜日	0.53
536	2026-01-18	日曜日	0.52
537	2026-01-19	月曜日	0.49
538	2026-01-20	火曜日	0.58
539	2026-01-21	水曜日	0.64
540	2026-01-22	木曜日	0.62
541	2026-01-23	金曜日	0.29
542	2026-01-24	土曜日	0.42
543	2026-01-25	日曜日	0.46
544	2026-01-26	月曜日	0.75
545	2026-01-27	火曜日	0.63
546	2026-01-28	水曜日	0.53
547	2026-01-29	木曜日	0.73
548	2026-01-30	金曜日	0.35
549	2026-01-31	土曜日	0.46
550	2026-02-01	日曜日	0.40
551	2026-02-02	月曜日	0.42
552	2026-02-03	火曜日	0.32
553	2026-02-04	水曜日	0.68
554	2026-02-05	木曜日	0.34
555	2026-02-06	金曜日	0.44
556	2026-02-07	土曜日	0.32
557	2026-02-08	日曜日	0.29
558	2026-02-09	月曜日	0.43
559	2026-02-10	火曜日	0.61
560	2026-02-11	水曜日	0.55
561	2026-02-12	木曜日	0.53
562	2026-02-13	金曜日	0.29
563	2026-02-14	土曜日	0.37
564	2026-02-15	日曜日	0.52
565	2026-02-16	月曜日	0.60
566	2026-02-17	火曜日	0.53
567	2026-02-18	水曜日	0.76
568	2026-02-19	木曜日	0.74
569	2026-02-20	金曜日	0.70
570	2026-02-21	土曜日	0.50
571	2026-02-22	日曜日	0.30
572	2026-02-23	月曜日	0.53
573	2026-02-24	火曜日	0.29
574	2026-02-25	水曜日	0.47
575	2026-02-26	木曜日	0.47
576	2026-02-27	金曜日	0.59
577	2026-02-28	土曜日	0.75
578	2026-03-01	日曜日	0.26
579	2026-03-02	月曜日	0.53
580	2026-03-03	火曜日	0.30
581	2026-03-04	水曜日	0.71
582	2026-03-05	木曜日	0.49
583	2026-03-06	金曜日	0.76
584	2026-03-07	土曜日	0.33
585	2026-03-08	日曜日	0.63
586	2026-03-09	月曜日	0.55
587	2026-03-10	火曜日	0.32
588	2026-03-11	水曜日	0.56
589	2026-03-12	木曜日	0.60
590	2026-03-13	金曜日	0.32
591	2026-03-14	土曜日	0.72
592	2026-03-15	日曜日	0.66
593	2026-03-16	月曜日	0.61
594	2026-03-17	火曜日	0.63
595	2026-03-18	水曜日	0.30
596	2026-03-19	木曜日	0.66
597	2026-03-20	金曜日	0.33
598	2026-03-21	土曜日	0.40
599	2026-03-22	日曜日	0.65
600	2026-03-23	月曜日	0.33
601	2026-03-24	火曜日	0.71
602	2026-03-25	水曜日	0.49
603	2026-03-26	木曜日	0.75
604	2026-03-27	金曜日	0.56
605	2026-03-28	土曜日	0.24
606	2026-03-29	日曜日	0.52
607	2026-03-30	月曜日	0.29
608	2026-03-31	火曜日	0.43
609	2026-04-01	水曜日	0.38
610	2026-04-02	木曜日	0.54
611	2026-04-03	金曜日	0.48
612	2026-04-04	土曜日	0.31
613	2026-04-05	日曜日	0.50
614	2026-04-06	月曜日	0.68
615	2026-04-07	火曜日	0.54
616	2026-04-08	水曜日	0.34
617	2026-04-09	木曜日	0.31
618	2026-04-10	金曜日	0.56
619	2026-04-11	土曜日	0.38
620	2026-04-12	日曜日	0.25
621	2026-04-13	月曜日	0.26
622	2026-04-14	火曜日	0.58
623	2026-04-15	水曜日	0.31
624	2026-04-16	木曜日	0.47
625	2026-04-17	金曜日	0.63
626	2026-04-18	土曜日	0.27
627	2026-04-19	日曜日	0.48
628	2026-04-20	月曜日	0.55
629	2026-04-21	火曜日	0.56
630	2026-04-22	水曜日	0.62
631	2026-04-23	木曜日	0.51
632	2026-04-24	金曜日	0.34
633	2026-04-25	土曜日	0.75
634	2026-04-26	日曜日	0.43
635	2026-04-27	月曜日	0.47
636	2026-04-28	火曜日	0.67
637	2026-04-29	水曜日	0.67
638	2026-04-30	木曜日	0.72
639	2026-05-01	金曜日	0.76
640	2026-05-02	土曜日	0.67
641	2026-05-03	日曜日	0.61
642	2026-05-04	月曜日	0.72
643	2026-05-05	火曜日	0.61
644	2026-05-06	水曜日	0.67
645	2026-05-07	木曜日	0.25
646	2026-05-08	金曜日	0.35
647	2026-05-09	土曜日	0.37
648	2026-05-10	日曜日	0.72
649	2026-05-11	月曜日	0.32
650	2026-05-12	火曜日	0.75
651	2026-05-13	水曜日	0.41
652	2026-05-14	木曜日	0.38
653	2026-05-15	金曜日	0.66
654	2026-05-16	土曜日	0.53
655	2026-05-17	日曜日	0.45
656	2026-05-18	月曜日	0.29
657	2026-05-19	火曜日	0.65
658	2026-05-20	水曜日	0.67
659	2026-05-21	木曜日	0.27
660	2026-05-22	金曜日	0.30
661	2026-05-23	土曜日	0.75
662	2026-05-24	日曜日	0.63
663	2026-05-25	月曜日	0.57
664	2026-05-26	火曜日	0.57
665	2026-05-27	水曜日	0.51
666	2026-05-28	木曜日	0.46
667	2026-05-29	金曜日	0.56
668	2026-05-30	土曜日	0.70
669	2026-05-31	日曜日	0.58
670	2026-06-01	月曜日	0.56
671	2026-06-02	火曜日	0.37
672	2026-06-03	水曜日	0.66
673	2026-06-04	木曜日	0.46
674	2026-06-05	金曜日	0.24
675	2026-06-06	土曜日	0.63
676	2026-06-07	日曜日	0.37
677	2026-06-08	月曜日	0.55
678	2026-06-09	火曜日	0.64
679	2026-06-10	水曜日	0.57
680	2026-06-11	木曜日	0.71
681	2026-06-12	金曜日	0.32
682	2026-06-13	土曜日	0.70
683	2026-06-14	日曜日	0.60
684	2026-06-15	月曜日	0.49
685	2026-06-16	火曜日	0.39
686	2026-06-17	水曜日	0.38
687	2026-06-18	木曜日	0.72
688	2026-06-19	金曜日	0.51
689	2026-06-20	土曜日	0.57
690	2026-06-21	日曜日	0.56
691	2026-06-22	月曜日	0.32
692	2026-06-23	火曜日	0.72
693	2026-06-24	水曜日	0.71
694	2026-06-25	木曜日	0.57
695	2026-06-26	金曜日	0.38
696	2026-06-27	土曜日	0.49
697	2026-06-28	日曜日	0.28
698	2026-06-29	月曜日	0.57
699	2026-06-30	火曜日	0.36
700	2026-07-01	水曜日	0.50
701	2026-07-02	木曜日	0.46
702	2026-07-03	金曜日	0.44
703	2026-07-04	土曜日	0.35
704	2026-07-05	日曜日	0.71
705	2026-07-06	月曜日	0.46
706	2026-07-07	火曜日	0.46
707	2026-07-08	水曜日	0.57
708	2026-07-09	木曜日	0.37
709	2026-07-10	金曜日	0.56
710	2026-07-11	土曜日	0.49
711	2026-07-12	日曜日	0.28
712	2026-07-13	月曜日	0.48
713	2026-07-14	火曜日	0.27
714	2026-07-15	水曜日	0.62
715	2026-07-16	木曜日	0.33
716	2026-07-17	金曜日	0.69
717	2026-07-18	土曜日	0.55
718	2026-07-19	日曜日	0.46
719	2026-07-20	月曜日	0.52
720	2026-07-21	火曜日	0.67
721	2026-07-22	水曜日	0.46
722	2026-07-23	木曜日	0.72
723	2026-07-24	金曜日	0.37
724	2026-07-25	土曜日	0.65
725	2026-07-26	日曜日	0.54
726	2026-07-27	月曜日	0.72
727	2026-07-28	火曜日	0.30
728	2026-07-29	水曜日	0.36
729	2026-07-30	木曜日	0.70
730	2026-07-31	金曜日	0.51
731	2026-08-01	土曜日	0.40
732	2026-08-02	日曜日	0.76
733	2026-08-03	月曜日	0.65
734	2026-08-04	火曜日	0.32
735	2026-08-05	水曜日	0.65
736	2026-08-06	木曜日	0.26
737	2026-08-07	金曜日	0.48
738	2026-08-08	土曜日	0.55
739	2026-08-09	日曜日	0.28
740	2026-08-10	月曜日	0.25
741	2026-08-11	火曜日	0.31
742	2026-08-12	水曜日	0.42
743	2026-08-13	木曜日	0.49
744	2026-08-14	金曜日	0.59
745	2026-08-15	土曜日	0.53
746	2026-08-16	日曜日	0.75
747	2026-08-17	月曜日	0.67
748	2026-08-18	火曜日	0.39
749	2026-08-19	水曜日	0.68
750	2026-08-20	木曜日	0.29
751	2026-08-21	金曜日	0.43
752	2026-08-22	土曜日	0.34
753	2026-08-23	日曜日	0.68
754	2026-08-24	月曜日	0.70
755	2026-08-25	火曜日	0.57
756	2026-08-26	水曜日	0.55
757	2026-08-27	木曜日	0.25
758	2026-08-28	金曜日	0.38
759	2026-08-29	土曜日	0.38
760	2026-08-30	日曜日	0.71
761	2026-08-31	月曜日	0.31
762	2026-09-01	火曜日	0.54
763	2026-09-02	水曜日	0.53
764	2026-09-03	木曜日	0.61
765	2026-09-04	金曜日	0.45
766	2026-09-05	土曜日	0.76
767	2026-09-06	日曜日	0.45
768	2026-09-07	月曜日	0.61
769	2026-09-08	火曜日	0.60
770	2026-09-09	水曜日	0.55
771	2026-09-10	木曜日	0.64
772	2026-09-11	金曜日	0.56
773	2026-09-12	土曜日	0.25
774	2026-09-13	日曜日	0.69
775	2026-09-14	月曜日	0.54
776	2026-09-15	火曜日	0.32
777	2026-09-16	水曜日	0.58
778	2026-09-17	木曜日	0.72
779	2026-09-18	金曜日	0.57
780	2026-09-19	土曜日	0.55
781	2026-09-20	日曜日	0.66
782	2026-09-21	月曜日	0.53
783	2026-09-22	火曜日	0.42
784	2026-09-23	水曜日	0.39
785	2026-09-24	木曜日	0.66
786	2026-09-25	金曜日	0.64
787	2026-09-26	土曜日	0.29
788	2026-09-27	日曜日	0.35
789	2026-09-28	月曜日	0.35
790	2026-09-29	火曜日	0.69
791	2026-09-30	水曜日	0.48
792	2026-10-01	木曜日	0.75
793	2026-10-02	金曜日	0.29
794	2026-10-03	土曜日	0.54
795	2026-10-04	日曜日	0.43
796	2026-10-05	月曜日	0.34
797	2026-10-06	火曜日	0.34
798	2026-10-07	水曜日	0.64
799	2026-10-08	木曜日	0.66
800	2026-10-09	金曜日	0.35
801	2026-10-10	土曜日	0.36
802	2026-10-11	日曜日	0.55
803	2026-10-12	月曜日	0.39
804	2026-10-13	火曜日	0.26
805	2026-10-14	水曜日	0.32
806	2026-10-15	木曜日	0.48
807	2026-10-16	金曜日	0.27
808	2026-10-17	土曜日	0.36
809	2026-10-18	日曜日	0.59
810	2026-10-19	月曜日	0.74
811	2026-10-20	火曜日	0.39
812	2026-10-21	水曜日	0.43
813	2026-10-22	木曜日	0.61
814	2026-10-23	金曜日	0.74
815	2026-10-24	土曜日	0.64
816	2026-10-25	日曜日	0.62
817	2026-10-26	月曜日	0.33
818	2026-10-27	火曜日	0.56
819	2026-10-28	水曜日	0.37
820	2026-10-29	木曜日	0.53
821	2026-10-30	金曜日	0.46
822	2026-10-31	土曜日	0.52
823	2026-11-01	日曜日	0.53
824	2026-11-02	月曜日	0.31
825	2026-11-03	火曜日	0.74
826	2026-11-04	水曜日	0.49
827	2026-11-05	木曜日	0.64
828	2026-11-06	金曜日	0.43
829	2026-11-07	土曜日	0.54
830	2026-11-08	日曜日	0.58
831	2026-11-09	月曜日	0.32
832	2026-11-10	火曜日	0.41
833	2026-11-11	水曜日	0.34
834	2026-11-12	木曜日	0.67
835	2026-11-13	金曜日	0.25
836	2026-11-14	土曜日	0.37
837	2026-11-15	日曜日	0.70
838	2026-11-16	月曜日	0.44
839	2026-11-17	火曜日	0.73
840	2026-11-18	水曜日	0.54
841	2026-11-19	木曜日	0.53
842	2026-11-20	金曜日	0.44
843	2026-11-21	土曜日	0.57
844	2026-11-22	日曜日	0.55
845	2026-11-23	月曜日	0.68
846	2026-11-24	火曜日	0.24
847	2026-11-25	水曜日	0.75
848	2026-11-26	木曜日	0.55
849	2026-11-27	金曜日	0.34
850	2026-11-28	土曜日	0.60
851	2026-11-29	日曜日	0.36
852	2026-11-30	月曜日	0.26
853	2026-12-01	火曜日	0.61
854	2026-12-02	水曜日	0.64
855	2026-12-03	木曜日	0.63
856	2026-12-04	金曜日	0.58
857	2026-12-05	土曜日	0.25
858	2026-12-06	日曜日	0.44
859	2026-12-07	月曜日	0.68
860	2026-12-08	火曜日	0.68
861	2026-12-09	水曜日	0.49
862	2026-12-10	木曜日	0.72
863	2026-12-11	金曜日	0.39
864	2026-12-12	土曜日	0.70
865	2026-12-13	日曜日	0.40
866	2026-12-14	月曜日	0.33
867	2026-12-15	火曜日	0.74
868	2026-12-16	水曜日	0.27
869	2026-12-17	木曜日	0.25
870	2026-12-18	金曜日	0.56
871	2026-12-19	土曜日	0.59
872	2026-12-20	日曜日	0.58
873	2026-12-21	月曜日	0.58
874	2026-12-22	火曜日	0.26
875	2026-12-23	水曜日	0.29
876	2026-12-24	木曜日	0.54
877	2026-12-25	金曜日	0.46
878	2026-12-26	土曜日	0.37
879	2026-12-27	日曜日	0.47
880	2026-12-28	月曜日	0.53
881	2026-12-29	火曜日	0.44
882	2026-12-30	水曜日	0.74
883	2026-12-31	木曜日	0.33
884	2027-01-01	金曜日	0.52
885	2027-01-02	土曜日	0.59
886	2027-01-03	日曜日	0.69
887	2027-01-04	月曜日	0.36
888	2027-01-05	火曜日	0.37
889	2027-01-06	水曜日	0.70
890	2027-01-07	木曜日	0.60
891	2027-01-08	金曜日	0.65
892	2027-01-09	土曜日	0.26
893	2027-01-10	日曜日	0.37
894	2027-01-11	月曜日	0.46
895	2027-01-12	火曜日	0.46
896	2027-01-13	水曜日	0.35
897	2027-01-14	木曜日	0.71
898	2027-01-15	金曜日	0.57
899	2027-01-16	土曜日	0.69
900	2027-01-17	日曜日	0.49
901	2027-01-18	月曜日	0.49
902	2027-01-19	火曜日	0.47
903	2027-01-20	水曜日	0.58
904	2027-01-21	木曜日	0.39
905	2027-01-22	金曜日	0.61
906	2027-01-23	土曜日	0.59
907	2027-01-24	日曜日	0.57
908	2027-01-25	月曜日	0.38
909	2027-01-26	火曜日	0.29
910	2027-01-27	水曜日	0.74
911	2027-01-28	木曜日	0.56
912	2027-01-29	金曜日	0.52
913	2027-01-30	土曜日	0.69
914	2027-01-31	日曜日	0.74
915	2027-02-01	月曜日	0.41
916	2027-02-02	火曜日	0.42
917	2027-02-03	水曜日	0.65
918	2027-02-04	木曜日	0.32
919	2027-02-05	金曜日	0.30
920	2027-02-06	土曜日	0.29
921	2027-02-07	日曜日	0.57
922	2027-02-08	月曜日	0.66
923	2027-02-09	火曜日	0.74
924	2027-02-10	水曜日	0.35
925	2027-02-11	木曜日	0.48
926	2027-02-12	金曜日	0.35
927	2027-02-13	土曜日	0.72
928	2027-02-14	日曜日	0.55
929	2027-02-15	月曜日	0.66
930	2027-02-16	火曜日	0.55
931	2027-02-17	水曜日	0.28
932	2027-02-18	木曜日	0.44
933	2027-02-19	金曜日	0.69
934	2027-02-20	土曜日	0.36
935	2027-02-21	日曜日	0.71
936	2027-02-22	月曜日	0.36
937	2027-02-23	火曜日	0.43
938	2027-02-24	水曜日	0.70
939	2027-02-25	木曜日	0.46
940	2027-02-26	金曜日	0.54
941	2027-02-27	土曜日	0.57
942	2027-02-28	日曜日	0.48
943	2027-03-01	月曜日	0.26
944	2027-03-02	火曜日	0.32
945	2027-03-03	水曜日	0.55
946	2027-03-04	木曜日	0.63
947	2027-03-05	金曜日	0.59
948	2027-03-06	土曜日	0.26
949	2027-03-07	日曜日	0.35
950	2027-03-08	月曜日	0.47
951	2027-03-09	火曜日	0.57
952	2027-03-10	水曜日	0.75
953	2027-03-11	木曜日	0.37
954	2027-03-12	金曜日	0.44
955	2027-03-13	土曜日	0.70
956	2027-03-14	日曜日	0.54
957	2027-03-15	月曜日	0.55
958	2027-03-16	火曜日	0.44
959	2027-03-17	水曜日	0.46
960	2027-03-18	木曜日	0.36
961	2027-03-19	金曜日	0.76
962	2027-03-20	土曜日	0.57
963	2027-03-21	日曜日	0.53
964	2027-03-22	月曜日	0.73
965	2027-03-23	火曜日	0.37
966	2027-03-24	水曜日	0.53
967	2027-03-25	木曜日	0.44
968	2027-03-26	金曜日	0.59
969	2027-03-27	土曜日	0.62
970	2027-03-28	日曜日	0.58
971	2027-03-29	月曜日	0.40
972	2027-03-30	火曜日	0.56
973	2027-03-31	水曜日	0.56
974	2027-04-01	木曜日	0.55
975	2027-04-02	金曜日	0.66
976	2027-04-03	土曜日	0.41
977	2027-04-04	日曜日	0.25
978	2027-04-05	月曜日	0.65
979	2027-04-06	火曜日	0.27
980	2027-04-07	水曜日	0.60
981	2027-04-08	木曜日	0.53
982	2027-04-09	金曜日	0.52
983	2027-04-10	土曜日	0.30
984	2027-04-11	日曜日	0.69
985	2027-04-12	月曜日	0.57
986	2027-04-13	火曜日	0.60
987	2027-04-14	水曜日	0.40
988	2027-04-15	木曜日	0.72
989	2027-04-16	金曜日	0.64
990	2027-04-17	土曜日	0.41
991	2027-04-18	日曜日	0.44
992	2027-04-19	月曜日	0.49
993	2027-04-20	火曜日	0.25
994	2027-04-21	水曜日	0.45
995	2027-04-22	木曜日	0.37
996	2027-04-23	金曜日	0.34
997	2027-04-24	土曜日	0.74
998	2027-04-25	日曜日	0.66
999	2027-04-26	月曜日	0.38
1000	2027-04-27	火曜日	0.57
1001	2027-04-28	水曜日	0.51
1002	2027-04-29	木曜日	0.48
1003	2027-04-30	金曜日	0.30
1004	2027-05-01	土曜日	0.34
1005	2027-05-02	日曜日	0.37
1006	2027-05-03	月曜日	0.28
1007	2027-05-04	火曜日	0.30
1008	2027-05-05	水曜日	0.65
1009	2027-05-06	木曜日	0.44
1010	2027-05-07	金曜日	0.51
1011	2027-05-08	土曜日	0.61
1012	2027-05-09	日曜日	0.26
1013	2027-05-10	月曜日	0.41
1014	2027-05-11	火曜日	0.25
1015	2027-05-12	水曜日	0.48
1016	2027-05-13	木曜日	0.38
1017	2027-05-14	金曜日	0.44
1018	2027-05-15	土曜日	0.56
1019	2027-05-16	日曜日	0.45
1020	2027-05-17	月曜日	0.26
1021	2027-05-18	火曜日	0.27
1022	2027-05-19	水曜日	0.44
1023	2027-05-20	木曜日	0.61
1024	2027-05-21	金曜日	0.30
1025	2027-05-22	土曜日	0.34
1026	2027-05-23	日曜日	0.71
1027	2027-05-24	月曜日	0.30
1028	2027-05-25	火曜日	0.55
1029	2027-05-26	水曜日	0.41
1030	2027-05-27	木曜日	0.37
1031	2027-05-28	金曜日	0.72
1032	2027-05-29	土曜日	0.37
1033	2027-05-30	日曜日	0.26
1034	2027-05-31	月曜日	0.40
1035	2027-06-01	火曜日	0.58
1036	2027-06-02	水曜日	0.27
1037	2027-06-03	木曜日	0.56
1038	2027-06-04	金曜日	0.52
1039	2027-06-05	土曜日	0.57
1040	2027-06-06	日曜日	0.41
1041	2027-06-07	月曜日	0.63
1042	2027-06-08	火曜日	0.48
1043	2027-06-09	水曜日	0.52
1044	2027-06-10	木曜日	0.61
1045	2027-06-11	金曜日	0.58
1046	2027-06-12	土曜日	0.62
1047	2027-06-13	日曜日	0.53
1048	2027-06-14	月曜日	0.28
1049	2027-06-15	火曜日	0.44
1050	2027-06-16	水曜日	0.39
1051	2027-06-17	木曜日	0.66
1052	2027-06-18	金曜日	0.46
1053	2027-06-19	土曜日	0.29
1054	2027-06-20	日曜日	0.73
1055	2027-06-21	月曜日	0.39
1056	2027-06-22	火曜日	0.52
1057	2027-06-23	水曜日	0.28
1058	2027-06-24	木曜日	0.65
1059	2027-06-25	金曜日	0.63
1060	2027-06-26	土曜日	0.45
1061	2027-06-27	日曜日	0.45
1062	2027-06-28	月曜日	0.73
1063	2027-06-29	火曜日	0.47
1064	2027-06-30	水曜日	0.36
1065	2027-07-01	木曜日	0.46
1066	2027-07-02	金曜日	0.66
1067	2027-07-03	土曜日	0.39
1068	2027-07-04	日曜日	0.53
1069	2027-07-05	月曜日	0.36
1070	2027-07-06	火曜日	0.69
1071	2027-07-07	水曜日	0.52
1072	2027-07-08	木曜日	0.63
1073	2027-07-09	金曜日	0.37
1074	2027-07-10	土曜日	0.29
1075	2027-07-11	日曜日	0.43
1076	2027-07-12	月曜日	0.32
1077	2027-07-13	火曜日	0.75
1078	2027-07-14	水曜日	0.26
1079	2027-07-15	木曜日	0.75
1080	2027-07-16	金曜日	0.54
1081	2027-07-17	土曜日	0.38
1082	2027-07-18	日曜日	0.49
1083	2027-07-19	月曜日	0.48
1084	2027-07-20	火曜日	0.43
1085	2027-07-21	水曜日	0.41
1086	2027-07-22	木曜日	0.75
1087	2027-07-23	金曜日	0.75
1088	2027-07-24	土曜日	0.57
1089	2027-07-25	日曜日	0.74
1090	2027-07-26	月曜日	0.34
1091	2027-07-27	火曜日	0.73
1092	2027-07-28	水曜日	0.33
1093	2027-07-29	木曜日	0.32
1094	2027-07-30	金曜日	0.65
1095	2027-07-31	土曜日	0.62
1096	2027-08-01	日曜日	0.49
1097	2027-08-02	月曜日	0.47
1098	2027-08-03	火曜日	0.61
1099	2027-08-04	水曜日	0.36
1100	2027-08-05	木曜日	0.58
1101	2027-08-06	金曜日	0.58
1102	2027-08-07	土曜日	0.61
1103	2027-08-08	日曜日	0.70
1104	2027-08-09	月曜日	0.44
1105	2027-08-10	火曜日	0.35
1106	2027-08-11	水曜日	0.32
1107	2027-08-12	木曜日	0.41
1108	2027-08-13	金曜日	0.34
1109	2027-08-14	土曜日	0.59
1110	2027-08-15	日曜日	0.38
1111	2027-08-16	月曜日	0.64
1112	2027-08-17	火曜日	0.28
1113	2027-08-18	水曜日	0.57
1114	2027-08-19	木曜日	0.52
1115	2027-08-20	金曜日	0.47
1116	2027-08-21	土曜日	0.25
1117	2027-08-22	日曜日	0.54
1118	2027-08-23	月曜日	0.42
1119	2027-08-24	火曜日	0.62
1120	2027-08-25	水曜日	0.25
1121	2027-08-26	木曜日	0.27
1122	2027-08-27	金曜日	0.75
1123	2027-08-28	土曜日	0.47
1124	2027-08-29	日曜日	0.41
1125	2027-08-30	月曜日	0.30
1126	2027-08-31	火曜日	0.46
1127	2027-09-01	水曜日	0.66
1128	2027-09-02	木曜日	0.43
1129	2027-09-03	金曜日	0.39
1130	2027-09-04	土曜日	0.62
1131	2027-09-05	日曜日	0.74
1132	2027-09-06	月曜日	0.49
1133	2027-09-07	火曜日	0.42
1134	2027-09-08	水曜日	0.33
1135	2027-09-09	木曜日	0.64
1136	2027-09-10	金曜日	0.53
1137	2027-09-11	土曜日	0.37
1138	2027-09-12	日曜日	0.55
1139	2027-09-13	月曜日	0.34
1140	2027-09-14	火曜日	0.68
1141	2027-09-15	水曜日	0.30
1142	2027-09-16	木曜日	0.34
1143	2027-09-17	金曜日	0.60
1144	2027-09-18	土曜日	0.31
1145	2027-09-19	日曜日	0.53
1146	2027-09-20	月曜日	0.28
1147	2027-09-21	火曜日	0.41
1148	2027-09-22	水曜日	0.38
1149	2027-09-23	木曜日	0.52
1150	2027-09-24	金曜日	0.59
1151	2027-09-25	土曜日	0.50
1152	2027-09-26	日曜日	0.39
1153	2027-09-27	月曜日	0.43
1154	2027-09-28	火曜日	0.63
1155	2027-09-29	水曜日	0.49
1156	2027-09-30	木曜日	0.33
1157	2027-10-01	金曜日	0.56
1158	2027-10-02	土曜日	0.75
1159	2027-10-03	日曜日	0.58
1160	2027-10-04	月曜日	0.60
1161	2027-10-05	火曜日	0.47
1162	2027-10-06	水曜日	0.35
1163	2027-10-07	木曜日	0.64
1164	2027-10-08	金曜日	0.70
1165	2027-10-09	土曜日	0.61
1166	2027-10-10	日曜日	0.55
1167	2027-10-11	月曜日	0.39
1168	2027-10-12	火曜日	0.59
1169	2027-10-13	水曜日	0.27
1170	2027-10-14	木曜日	0.50
1171	2027-10-15	金曜日	0.29
1172	2027-10-16	土曜日	0.57
1173	2027-10-17	日曜日	0.31
1174	2027-10-18	月曜日	0.38
1175	2027-10-19	火曜日	0.43
1176	2027-10-20	水曜日	0.58
1177	2027-10-21	木曜日	0.63
1178	2027-10-22	金曜日	0.68
1179	2027-10-23	土曜日	0.45
1180	2027-10-24	日曜日	0.57
1181	2027-10-25	月曜日	0.76
1182	2027-10-26	火曜日	0.25
1183	2027-10-27	水曜日	0.29
1184	2027-10-28	木曜日	0.70
1185	2027-10-29	金曜日	0.34
1186	2027-10-30	土曜日	0.52
1187	2027-10-31	日曜日	0.26
1188	2027-11-01	月曜日	0.62
1189	2027-11-02	火曜日	0.56
1190	2027-11-03	水曜日	0.75
1191	2027-11-04	木曜日	0.69
1192	2027-11-05	金曜日	0.62
1193	2027-11-06	土曜日	0.25
1194	2027-11-07	日曜日	0.55
1195	2027-11-08	月曜日	0.31
1196	2027-11-09	火曜日	0.41
1197	2027-11-10	水曜日	0.75
1198	2027-11-11	木曜日	0.25
1199	2027-11-12	金曜日	0.53
1200	2027-11-13	土曜日	0.38
1201	2027-11-14	日曜日	0.35
1202	2027-11-15	月曜日	0.49
1203	2027-11-16	火曜日	0.69
1204	2027-11-17	水曜日	0.26
1205	2027-11-18	木曜日	0.30
1206	2027-11-19	金曜日	0.56
1207	2027-11-20	土曜日	0.74
1208	2027-11-21	日曜日	0.43
1209	2027-11-22	月曜日	0.74
1210	2027-11-23	火曜日	0.58
1211	2027-11-24	水曜日	0.39
1212	2027-11-25	木曜日	0.37
1213	2027-11-26	金曜日	0.50
1214	2027-11-27	土曜日	0.26
1215	2027-11-28	日曜日	0.54
1216	2027-11-29	月曜日	0.48
1217	2027-11-30	火曜日	0.68
1218	2027-12-01	水曜日	0.59
1219	2027-12-02	木曜日	0.59
1220	2027-12-03	金曜日	0.67
1221	2027-12-04	土曜日	0.74
1222	2027-12-05	日曜日	0.69
1223	2027-12-06	月曜日	0.35
1224	2027-12-07	火曜日	0.68
1225	2027-12-08	水曜日	0.28
1226	2027-12-09	木曜日	0.31
1227	2027-12-10	金曜日	0.62
1228	2027-12-11	土曜日	0.50
1229	2027-12-12	日曜日	0.49
1230	2027-12-13	月曜日	0.70
1231	2027-12-14	火曜日	0.60
1232	2027-12-15	水曜日	0.27
1233	2027-12-16	木曜日	0.40
1234	2027-12-17	金曜日	0.68
1235	2027-12-18	土曜日	0.29
1236	2027-12-19	日曜日	0.75
1237	2027-12-20	月曜日	0.39
1238	2027-12-21	火曜日	0.67
1239	2027-12-22	水曜日	0.48
1240	2027-12-23	木曜日	0.60
1241	2027-12-24	金曜日	0.49
1242	2027-12-25	土曜日	0.67
1243	2027-12-26	日曜日	0.26
1244	2027-12-27	月曜日	0.71
1245	2027-12-28	火曜日	0.66
1246	2027-12-29	水曜日	0.32
1247	2027-12-30	木曜日	0.50
1248	2027-12-31	金曜日	0.34
1249	2028-01-01	土曜日	0.53
1250	2028-01-02	日曜日	0.55
1251	2028-01-03	月曜日	0.74
1252	2028-01-04	火曜日	0.55
1253	2028-01-05	水曜日	0.53
1254	2028-01-06	木曜日	0.27
1255	2028-01-07	金曜日	0.67
1256	2028-01-08	土曜日	0.61
1257	2028-01-09	日曜日	0.65
1258	2028-01-10	月曜日	0.35
1259	2028-01-11	火曜日	0.44
1260	2028-01-12	水曜日	0.61
1261	2028-01-13	木曜日	0.60
1262	2028-01-14	金曜日	0.43
1263	2028-01-15	土曜日	0.45
1264	2028-01-16	日曜日	0.57
1265	2028-01-17	月曜日	0.53
1266	2028-01-18	火曜日	0.49
1267	2028-01-19	水曜日	0.65
1268	2028-01-20	木曜日	0.65
1269	2028-01-21	金曜日	0.50
1270	2028-01-22	土曜日	0.71
1271	2028-01-23	日曜日	0.61
1272	2028-01-24	月曜日	0.42
1273	2028-01-25	火曜日	0.75
1274	2028-01-26	水曜日	0.38
1275	2028-01-27	木曜日	0.39
1276	2028-01-28	金曜日	0.25
1277	2028-01-29	土曜日	0.70
1278	2028-01-30	日曜日	0.62
1279	2028-01-31	月曜日	0.47
1280	2028-02-01	火曜日	0.40
1281	2028-02-02	水曜日	0.67
1282	2028-02-03	木曜日	0.54
1283	2028-02-04	金曜日	0.43
1284	2028-02-05	土曜日	0.70
1285	2028-02-06	日曜日	0.39
1286	2028-02-07	月曜日	0.26
1287	2028-02-08	火曜日	0.74
1288	2028-02-09	水曜日	0.64
1289	2028-02-10	木曜日	0.26
1290	2028-02-11	金曜日	0.62
1291	2028-02-12	土曜日	0.31
1292	2028-02-13	日曜日	0.65
1293	2028-02-14	月曜日	0.55
1294	2028-02-15	火曜日	0.63
1295	2028-02-16	水曜日	0.32
1296	2028-02-17	木曜日	0.33
1297	2028-02-18	金曜日	0.25
1298	2028-02-19	土曜日	0.72
1299	2028-02-20	日曜日	0.62
1300	2028-02-21	月曜日	0.44
1301	2028-02-22	火曜日	0.67
1302	2028-02-23	水曜日	0.34
1303	2028-02-24	木曜日	0.42
1304	2028-02-25	金曜日	0.67
1305	2028-02-26	土曜日	0.61
1306	2028-02-27	日曜日	0.29
1307	2028-02-28	月曜日	0.51
1308	2028-02-29	火曜日	0.63
1309	2028-03-01	水曜日	0.41
1310	2028-03-02	木曜日	0.33
1311	2028-03-03	金曜日	0.27
1312	2028-03-04	土曜日	0.41
1313	2028-03-05	日曜日	0.63
1314	2028-03-06	月曜日	0.67
1315	2028-03-07	火曜日	0.58
1316	2028-03-08	水曜日	0.71
1317	2028-03-09	木曜日	0.31
1318	2028-03-10	金曜日	0.71
1319	2028-03-11	土曜日	0.31
1320	2028-03-12	日曜日	0.58
1321	2028-03-13	月曜日	0.55
1322	2028-03-14	火曜日	0.43
1323	2028-03-15	水曜日	0.74
1324	2028-03-16	木曜日	0.28
1325	2028-03-17	金曜日	0.32
1326	2028-03-18	土曜日	0.43
1327	2028-03-19	日曜日	0.61
1328	2028-03-20	月曜日	0.48
1329	2028-03-21	火曜日	0.44
1330	2028-03-22	水曜日	0.59
1331	2028-03-23	木曜日	0.50
1332	2028-03-24	金曜日	0.76
1333	2028-03-25	土曜日	0.56
1334	2028-03-26	日曜日	0.62
1335	2028-03-27	月曜日	0.38
1336	2028-03-28	火曜日	0.64
1337	2028-03-29	水曜日	0.69
1338	2028-03-30	木曜日	0.38
1339	2028-03-31	金曜日	0.44
1340	2028-04-01	土曜日	0.70
1341	2028-04-02	日曜日	0.34
1342	2028-04-03	月曜日	0.75
1343	2028-04-04	火曜日	0.58
1344	2028-04-05	水曜日	0.62
1345	2028-04-06	木曜日	0.33
1346	2028-04-07	金曜日	0.57
1347	2028-04-08	土曜日	0.74
1348	2028-04-09	日曜日	0.43
1349	2028-04-10	月曜日	0.76
1350	2028-04-11	火曜日	0.49
1351	2028-04-12	水曜日	0.51
1352	2028-04-13	木曜日	0.46
1353	2028-04-14	金曜日	0.25
1354	2028-04-15	土曜日	0.61
1355	2028-04-16	日曜日	0.29
1356	2028-04-17	月曜日	0.36
1357	2028-04-18	火曜日	0.43
1358	2028-04-19	水曜日	0.33
1359	2028-04-20	木曜日	0.31
1360	2028-04-21	金曜日	0.65
1361	2028-04-22	土曜日	0.65
1362	2028-04-23	日曜日	0.76
1363	2028-04-24	月曜日	0.30
1364	2028-04-25	火曜日	0.62
1365	2028-04-26	水曜日	0.27
1366	2028-04-27	木曜日	0.56
1367	2028-04-28	金曜日	0.33
1368	2028-04-29	土曜日	0.73
1369	2028-04-30	日曜日	0.70
1370	2028-05-01	月曜日	0.43
1371	2028-05-02	火曜日	0.41
1372	2028-05-03	水曜日	0.72
1373	2028-05-04	木曜日	0.74
1374	2028-05-05	金曜日	0.72
1375	2028-05-06	土曜日	0.55
1376	2028-05-07	日曜日	0.67
1377	2028-05-08	月曜日	0.50
1378	2028-05-09	火曜日	0.51
1379	2028-05-10	水曜日	0.54
1380	2028-05-11	木曜日	0.46
1381	2028-05-12	金曜日	0.55
1382	2028-05-13	土曜日	0.38
1383	2028-05-14	日曜日	0.72
1384	2028-05-15	月曜日	0.35
1385	2028-05-16	火曜日	0.49
1386	2028-05-17	水曜日	0.51
1387	2028-05-18	木曜日	0.67
1388	2028-05-19	金曜日	0.26
1389	2028-05-20	土曜日	0.40
1390	2028-05-21	日曜日	0.70
1391	2028-05-22	月曜日	0.61
1392	2028-05-23	火曜日	0.59
1393	2028-05-24	水曜日	0.42
1394	2028-05-25	木曜日	0.56
1395	2028-05-26	金曜日	0.51
1396	2028-05-27	土曜日	0.38
1397	2028-05-28	日曜日	0.29
1398	2028-05-29	月曜日	0.40
1399	2028-05-30	火曜日	0.58
1400	2028-05-31	水曜日	0.52
